Tanggal,Genangan_km2,Orbit,GPM_24h_mm,GPM_72h_mm,GPM_7d_mm,GPM_7d_max_mm,NDVI,NDVI_cov,NDWI,NDWI_cov,NDWI_umur_hari,VV_mean_dB,VV_p10_dB
2024-11-06,104.88,134,12.85,30.86,68.52,26.57,0.5568,0.6935,,,0,-12.5861,-19.1421
2025-03-30,141.37,134,22.03,53.49,114.5,43.34,0.5158,0.4564,-0.0626,0.9363,5,-13.6319,-19.7443
2024-12-12,111.99,112,14.28,37.9,75.79,29.53,0.5165,0.6688,-0.1129,0.5766,7,-12.9776,-18.9872
2025-01-29,121.91,112,15.09,35.79,,26.8,0.5321,0.8254,-0.0478,0.9178,8,-12.9383,-19.2814
2024-10-25,95.76,112,15.09,40.03,79.31,30.08,,,-0.1245,0.8936,8,-12.7957,-18.6365
2025-03-18,130.85,112,18.13,38.89,85.95,32.56,0.5196,0.8407,-0.0467,0.5159,3,-13.4077,
2024-11-18,79.68,112,15.75,41.51,86.46,31.55,0.5635,0.712,-0.1452,0.6053,6,-12.6041,-18.4509
2025-04-11,152.72,112,22.57,51.17,112.0,39.74,0.4859,0.8856,-0.0478,0.7979,7,-13.9107,-20.5978
2024-12-24,116.05,134,16.37,35.74,78.61,29.87,0.5618,0.5206,,,2,-13.3834,-19.3057
2024-10-13,88.13,134,12.35,33.54,64.93,26.54,0.5419,0.4851,-0.1265,0.6533,8,-12.5569,-19.5536
2025-03-06,123.92,134,16.87,42.84,91.65,32.74,0.5129,0.6055,-0.0983,0.6877,8,-13.5253,-19.5443
2024-10-01,93.05,112,10.94,29.76,59.52,23.1,0.5836,0.9108,-0.1561,0.8275,1,-12.3257,-19.1191
2024-12-12,116.99,112,14.28,37.9,75.79,29.53,0.5165,0.6688,-0.1129,0.5766,7,-12.9776,-18.9872
2025-04-23,138.73,134,20.89,52.13,114.93,42.41,0.4706,0.5312,-0.0709,0.5144,0,-13.1815,-19.1209
2025-01-17,125.55,134,18.27,47.68,96.92,36.12,,,-0.0457,0.7512,8,-12.981,-19.341
2025-01-05,127.14,112,19.22,42.45,91.39,35.2,0.5482,0.6268,-0.0811,0.6689,0,-13.3136,-19.0482
2025-02-22,131.59,112,17.98,49.24,98.66,36.5,0.5231,0.8541,,,3,-13.2531,-20.2144
2025-02-10,124.77,134,16.5,39.71,83.2,31.45,0.4755,0.5082,-0.0572,0.523,0,-12.6034,-19.3314
2024-11-30,103.71,134,13.1,31.11,65.04,25.05,,,-0.1225,0.818,0,-13.3516,-19.0319
